<?xml version = '1.0' encoding = 'UTF-8'?>
<Diagram class="oracle.dbtools.crest.swingui.logical.DPVLogical" name="Logical" id="2395CDC7-FDA9-3AC9-FBD2-AC55DE6AE992">
<createdBy>danih</createdBy>
<modifiedBy>danih</modifiedBy>
<createdTime>2018-04-09 19:08:24 UTC</createdTime>
<autoRoute>false</autoRoute>
<boxInbox>true</boxInbox>
<showLegend>false</showLegend>
<showLabels>false</showLabels>
<showRelAttributes>false</showRelAttributes>
<gridEnabled>false</gridEnabled>
<showGrid>false</showGrid>
<diagramColor>-1</diagramColor>
<display>false</display>
<notation>1</notation>
<objectViews>
<OView class="oracle.dbtools.crest.swingui.logical.TVEntity" oid="11003ACB-946B-6CE6-33E0-D78AD1C55D3A" otype="Entity" vid="F00CBFE8-3609-9B7C-D094-C32B41A03698">
<hideElementsInCurrentOnly>false</hideElementsInCurrentOnly>
<bounds x="450" y="97" width="125" height="64"/>
</OView>
<OView class="oracle.dbtools.crest.swingui.logical.TVEntity" oid="230E94BF-D2F9-81CA-9CF4-D6C7E377FA8E" otype="Entity" vid="756C24B4-6964-EB2E-9CC8-94C5BB97F201">
<hideElementsInCurrentOnly>false</hideElementsInCurrentOnly>
<bounds x="662" y="84" width="156" height="80"/>
</OView>
<OView class="oracle.dbtools.crest.swingui.logical.TVEntity" oid="3500E7CF-B758-19EC-F9A7-9322CEBDB033" otype="Entity" vid="57940B9D-2AFA-963E-A340-B4C57C74371D">
<hideElementsInCurrentOnly>false</hideElementsInCurrentOnly>
<bounds x="697" y="542" width="125" height="75"/>
</OView>
<OView class="oracle.dbtools.crest.swingui.logical.TVEntity" oid="38797BD6-96D1-DA3B-9705-FB5C45608840" otype="Entity" vid="6BDE01EC-594A-3695-70F8-2A1C0D42F8E1">
<hideElementsInCurrentOnly>false</hideElementsInCurrentOnly>
<bounds x="615" y="191" width="125" height="108"/>
</OView>
<OView class="oracle.dbtools.crest.swingui.logical.TVEntity" oid="4D07803A-6AEF-5A6C-A98A-35480180675E" otype="Entity" vid="DC745E07-0EE3-AB0E-8141-172F5C654A2E">
<hideElementsInCurrentOnly>false</hideElementsInCurrentOnly>
<bounds x="452" y="259" width="110" height="63"/>
</OView>
<OView class="oracle.dbtools.crest.swingui.logical.TVEntity" oid="59765C4C-047F-82B0-58A5-59410698456C" otype="Entity" vid="9CCA343F-C054-D56D-AE89-9F9BE5257AD5">
<hideElementsInCurrentOnly>false</hideElementsInCurrentOnly>
<bounds x="143" y="522" width="166" height="107"/>
</OView>
<OView class="oracle.dbtools.crest.swingui.logical.TVEntity" oid="5DD13F00-038C-7C1D-9B2E-8798A8D88013" otype="Entity" vid="2743C865-95CA-3485-B75B-AE3D0F563154">
<hideElementsInCurrentOnly>false</hideElementsInCurrentOnly>
<bounds x="454" y="342" width="108" height="83"/>
</OView>
<OView class="oracle.dbtools.crest.swingui.logical.TVEntity" oid="6BBEF1FB-79AC-7267-AD1C-95F6DFE4BF82" otype="Entity" vid="872EEA0D-FE5C-20F7-2AB8-A3B55DB0E481">
<hideElementsInCurrentOnly>false</hideElementsInCurrentOnly>
<bounds x="334" y="396" width="76" height="48"/>
</OView>
<OView class="oracle.dbtools.crest.swingui.logical.TVEntity" oid="838AD2D6-D3CC-5C5A-EB3F-569770F8AFB1" otype="Entity" vid="CB1CF462-E816-5861-3CFD-F517EDA987AA">
<hideElementsInCurrentOnly>false</hideElementsInCurrentOnly>
<bounds x="253" y="176" width="102" height="76"/>
</OView>
<OView class="oracle.dbtools.crest.swingui.logical.TVEntity" oid="8A0FEA68-28D2-7BCA-6598-419465AD5E44" otype="Entity" vid="5CC6DC56-2596-9252-0C70-5A7E2EF1DE5E">
<hideElementsInCurrentOnly>false</hideElementsInCurrentOnly>
<bounds x="377" y="467" width="119" height="69"/>
</OView>
<OView class="oracle.dbtools.crest.swingui.logical.TVEntity" oid="97FBB878-77BA-D9D2-F13D-01D14DB15D20" otype="Entity" vid="D94779A3-78DC-8197-2647-CDBB5CFF16D2">
<hideElementsInCurrentOnly>false</hideElementsInCurrentOnly>
<bounds x="802" y="395" width="162" height="70"/>
</OView>
<OView class="oracle.dbtools.crest.swingui.logical.TVEntity" oid="A13FD96D-94E3-BA2A-3C83-9DE02FB1C852" otype="Entity" vid="D6EDE70D-EDC7-3B21-1633-060A0D5C073D">
<hideElementsInCurrentOnly>false</hideElementsInCurrentOnly>
<bounds x="450" y="186" width="109" height="57"/>
</OView>
<OView class="oracle.dbtools.crest.swingui.logical.TVEntity" oid="B581DCDE-7D0E-53F7-3787-3BDB255E4140" otype="Entity" vid="9218B450-BF85-8279-AB05-94566FFFE039">
<hideElementsInCurrentOnly>false</hideElementsInCurrentOnly>
<bounds x="185" y="343" width="129" height="55"/>
</OView>
<OView class="oracle.dbtools.crest.swingui.logical.TVEntity" oid="CC96023C-FC32-AF84-94B0-72AA533BF2E5" otype="Entity" vid="EDC9A6AD-78E3-51DE-62FC-458B219E5201">
<hideElementsInCurrentOnly>false</hideElementsInCurrentOnly>
<bounds x="450" y="12" width="121" height="62"/>
</OView>
<OView class="oracle.dbtools.crest.swingui.logical.TVEntity" oid="EA4D4FB5-52AE-8BFD-1905-ED52139872A6" otype="Entity" vid="21B3F713-811B-56A6-1230-9170FFCD8ABC">
<hideElementsInCurrentOnly>false</hideElementsInCurrentOnly>
<bounds x="38" y="299" width="101" height="79"/>
</OView>
<OView class="oracle.dbtools.crest.swingui.logical.TVEntity" oid="F6749515-D2A3-1E3A-0DC1-0EF99D33EB60" otype="Entity" vid="1185448E-2388-2317-B596-87DD7C192368">
<hideElementsInCurrentOnly>false</hideElementsInCurrentOnly>
<bounds x="57" y="143" width="123" height="88"/>
</OView>
<OView class="oracle.dbtools.crest.swingui.logical.TVEntity" oid="FA6B2706-DD3E-6241-8626-F9A7E4ADCCDD" otype="Entity" vid="94B319C8-6B2D-2C44-34EF-FD8041099B9F">
<hideElementsInCurrentOnly>false</hideElementsInCurrentOnly>
<bounds x="58" y="32" width="116" height="74"/>
</OView>
</objectViews>
<connectors>
<Connector class="oracle.dbtools.crest.swingui.logical.TVRelation" oid="0E612109-CC21-BC21-95EA-609022E0ED2D" otype="Relation" vid_source="F00CBFE8-3609-9B7C-D094-C32B41A03698" vid_target="CB1CF462-E816-5861-3CFD-F517EDA987AA">
<hideElementsInCurrentOnly>false</hideElementsInCurrentOnly>
<lineWidth>1</lineWidth>
<points>
<point x="450" y="110"/>
<point x="345" y="176"/>
</points>
</Connector>
<Connector class="oracle.dbtools.crest.swingui.logical.TVRelation" oid="1856BC0E-5B57-1691-6B0A-5FDF1123A5A0" otype="Relation" vid_source="CB1CF462-E816-5861-3CFD-F517EDA987AA" vid_target="D6EDE70D-EDC7-3B21-1633-060A0D5C073D">
<hideElementsInCurrentOnly>false</hideElementsInCurrentOnly>
<lineWidth>1</lineWidth>
<points>
<point x="355" y="214"/>
<point x="450" y="214"/>
</points>
</Connector>
<Connector class="oracle.dbtools.crest.swingui.logical.TVRelation" oid="2C58956F-D59A-45FF-B7D0-77F91B0C7A29" otype="Relation" vid_source="CB1CF462-E816-5861-3CFD-F517EDA987AA" vid_target="DC745E07-0EE3-AB0E-8141-172F5C654A2E">
<hideElementsInCurrentOnly>false</hideElementsInCurrentOnly>
<lineWidth>1</lineWidth>
<points>
<point x="355" y="233"/>
<point x="452" y="269"/>
</points>
</Connector>
<Connector class="oracle.dbtools.crest.swingui.logical.TVRelation" oid="33ABADD2-3EEC-D136-76D7-9C217C729FC1" otype="Relation" vid_source="57940B9D-2AFA-963E-A340-B4C57C74371D" vid_target="6BDE01EC-594A-3695-70F8-2A1C0D42F8E1">
<hideElementsInCurrentOnly>false</hideElementsInCurrentOnly>
<lineWidth>1</lineWidth>
<points>
<point x="718" y="542"/>
<point x="718" y="299"/>
</points>
</Connector>
<Connector class="oracle.dbtools.crest.swingui.logical.TVRelation" oid="3ADCF212-E8B4-FA7F-8948-1A32C4101AF8" otype="Relation" vid_source="9CCA343F-C054-D56D-AE89-9F9BE5257AD5" vid_target="9218B450-BF85-8279-AB05-94566FFFE039">
<hideElementsInCurrentOnly>false</hideElementsInCurrentOnly>
<lineWidth>1</lineWidth>
<points>
<point x="247" y="522"/>
<point x="247" y="398"/>
</points>
</Connector>
<Connector class="oracle.dbtools.crest.swingui.logical.TVRelation" oid="473427ED-C3D1-4CA8-2C7A-8B12BDBBAC11" otype="Relation" vid_source="94B319C8-6B2D-2C44-34EF-FD8041099B9F" vid_target="1185448E-2388-2317-B596-87DD7C192368">
<hideElementsInCurrentOnly>false</hideElementsInCurrentOnly>
<lineWidth>1</lineWidth>
<points>
<point x="126" y="106"/>
<point x="126" y="143"/>
</points>
</Connector>
<Connector class="oracle.dbtools.crest.swingui.logical.TVRelation" oid="49D3FD85-357E-5F01-ECF7-1A47A5EC070A" otype="Relation" vid_source="1185448E-2388-2317-B596-87DD7C192368" vid_target="21B3F713-811B-56A6-1230-9170FFCD8ABC">
<hideElementsInCurrentOnly>false</hideElementsInCurrentOnly>
<lineWidth>1</lineWidth>
<points>
<point x="98" y="231"/>
<point x="98" y="299"/>
</points>
</Connector>
<Connector class="oracle.dbtools.crest.swingui.logical.TVRelation" oid="4B121085-A9C2-7841-9F1F-C1C9080DA7F7" otype="Relation" vid_source="6BDE01EC-594A-3695-70F8-2A1C0D42F8E1" vid_target="DC745E07-0EE3-AB0E-8141-172F5C654A2E">
<hideElementsInCurrentOnly>false</hideElementsInCurrentOnly>
<lineWidth>1</lineWidth>
<points>
<point x="615" y="279"/>
<point x="562" y="279"/>
</points>
</Connector>
<Connector class="oracle.dbtools.crest.swingui.logical.TVRelation" oid="52D5B23A-0CC5-E6CD-9A76-1CCA51A04B1F" otype="Relation" vid_source="CB1CF462-E816-5861-3CFD-F517EDA987AA" vid_target="872EEA0D-FE5C-20F7-2AB8-A3B55DB0E481">
<hideElementsInCurrentOnly>false</hideElementsInCurrentOnly>
<lineWidth>1</lineWidth>
<points>
<point x="334" y="252"/>
<point x="359" y="396"/>
</points>
</Connector>
<Connector class="oracle.dbtools.crest.swingui.logical.TVRelation" oid="550C8EFC-3F36-FF27-DDDE-EF253F612E27" otype="Relation" vid_source="6BDE01EC-594A-3695-70F8-2A1C0D42F8E1" vid_target="D6EDE70D-EDC7-3B21-1633-060A0D5C073D">
<hideElementsInCurrentOnly>false</hideElementsInCurrentOnly>
<lineWidth>1</lineWidth>
<points>
<point x="615" y="217"/>
<point x="559" y="217"/>
</points>
</Connector>
<Connector class="oracle.dbtools.crest.swingui.logical.TVRelation" oid="575E49AB-D03F-05C0-6B36-17EC99288911" otype="Relation" vid_source="1185448E-2388-2317-B596-87DD7C192368" vid_target="CB1CF462-E816-5861-3CFD-F517EDA987AA">
<hideElementsInCurrentOnly>false</hideElementsInCurrentOnly>
<lineWidth>1</lineWidth>
<points>
<point x="180" y="203"/>
<point x="253" y="203"/>
</points>
</Connector>
<Connector class="oracle.dbtools.crest.swingui.logical.TVRelation" oid="5FB42898-23E3-9793-8642-33AEF8A6EF41" otype="Relation" vid_source="57940B9D-2AFA-963E-A340-B4C57C74371D" vid_target="9CCA343F-C054-D56D-AE89-9F9BE5257AD5">
<hideElementsInCurrentOnly>false</hideElementsInCurrentOnly>
<lineWidth>1</lineWidth>
<points>
<point x="697" y="579"/>
<point x="309" y="579"/>
</points>
</Connector>
<Connector class="oracle.dbtools.crest.swingui.logical.TVRelation" oid="69B7F701-519E-A5E2-1CA3-D6D7EF59245C" otype="Relation" vid_source="6BDE01EC-594A-3695-70F8-2A1C0D42F8E1" vid_target="2743C865-95CA-3485-B75B-AE3D0F563154">
<hideElementsInCurrentOnly>false</hideElementsInCurrentOnly>
<lineWidth>1</lineWidth>
<points>
<point x="615" y="296"/>
<point x="558" y="342"/>
</points>
</Connector>
<Connector class="oracle.dbtools.crest.swingui.logical.TVRelation" oid="76E7157A-34B0-F840-093E-899E7AC89D1B" otype="Relation" vid_source="EDC9A6AD-78E3-51DE-62FC-458B219E5201" vid_target="F00CBFE8-3609-9B7C-D094-C32B41A03698">
<hideElementsInCurrentOnly>false</hideElementsInCurrentOnly>
<lineWidth>1</lineWidth>
<points>
<point x="510" y="74"/>
<point x="510" y="97"/>
</points>
</Connector>
<Connector class="oracle.dbtools.crest.swingui.logical.TVRelation" oid="8B70A9A3-B2F7-BF30-63AD-499CCB57C170" otype="Relation" vid_source="F00CBFE8-3609-9B7C-D094-C32B41A03698" vid_target="756C24B4-6964-EB2E-9CC8-94C5BB97F201">
<hideElementsInCurrentOnly>false</hideElementsInCurrentOnly>
<lineWidth>1</lineWidth>
<points>
<point x="575" y="129"/>
<point x="662" y="129"/>
</points>
</Connector>
<Connector class="oracle.dbtools.crest.swingui.logical.TVRelation" oid="993B072C-D436-60F3-1EAF-B11D845A5F45" otype="Relation" vid_source="F00CBFE8-3609-9B7C-D094-C32B41A03698" vid_target="6BDE01EC-594A-3695-70F8-2A1C0D42F8E1">
<hideElementsInCurrentOnly>false</hideElementsInCurrentOnly>
<lineWidth>1</lineWidth>
<points>
<point x="558" y="161"/>
<point x="615" y="201"/>
</points>
</Connector>
<Connector class="oracle.dbtools.crest.swingui.logical.TVRelation" oid="9DE256AD-05F3-7960-4C06-680758B35BAC" otype="Relation" vid_source="5CC6DC56-2596-9252-0C70-5A7E2EF1DE5E" vid_target="872EEA0D-FE5C-20F7-2AB8-A3B55DB0E481">
<hideElementsInCurrentOnly>false</hideElementsInCurrentOnly>
<lineWidth>1</lineWidth>
<points>
<point x="393" y="467"/>
<point x="393" y="444"/>
</points>
</Connector>
<Connector class="oracle.dbtools.crest.swingui.logical.TVRelation" oid="ACA4D2FC-0FE1-2EE9-FC36-FFD438E17439" otype="Relation" vid_source="D94779A3-78DC-8197-2647-CDBB5CFF16D2" vid_target="57940B9D-2AFA-963E-A340-B4C57C74371D">
<hideElementsInCurrentOnly>false</hideElementsInCurrentOnly>
<lineWidth>1</lineWidth>
<points>
<point x="812" y="465"/>
<point x="812" y="542"/>
</points>
</Connector>
<Connector class="oracle.dbtools.crest.swingui.logical.TVRelation" oid="B84ECD8D-F75C-EFC9-B588-E2A24414F679" otype="Relation" vid_source="CB1CF462-E816-5861-3CFD-F517EDA987AA" vid_target="9218B450-BF85-8279-AB05-94566FFFE039">
<hideElementsInCurrentOnly>false</hideElementsInCurrentOnly>
<lineWidth>1</lineWidth>
<points>
<point x="283" y="252"/>
<point x="283" y="343"/>
</points>
</Connector>
<Connector class="oracle.dbtools.crest.swingui.logical.TVRelation" oid="BC1E1F98-5621-BECC-32DB-7DBF0064666F" otype="Relation" vid_source="F00CBFE8-3609-9B7C-D094-C32B41A03698" vid_target="CB1CF462-E816-5861-3CFD-F517EDA987AA">
<hideElementsInCurrentOnly>false</hideElementsInCurrentOnly>
<lineWidth>1</lineWidth>
<points>
<point x="450" y="154"/>
<point x="355" y="198"/>
</points>
</Connector>
<Connector class="oracle.dbtools.crest.swingui.logical.TVRelation" oid="CF84CA24-72FB-9691-FB8A-0A882954C1DF" otype="Relation" vid_source="21B3F713-811B-56A6-1230-9170FFCD8ABC" vid_target="9218B450-BF85-8279-AB05-94566FFFE039">
<hideElementsInCurrentOnly>false</hideElementsInCurrentOnly>
<lineWidth>1</lineWidth>
<points>
<point x="139" y="360"/>
<point x="185" y="360"/>
</points>
</Connector>
<Connector class="oracle.dbtools.crest.swingui.logical.TVRelation" oid="D9EA5450-56AA-61B1-29E3-A3DAEC145604" otype="Relation" vid_source="CB1CF462-E816-5861-3CFD-F517EDA987AA" vid_target="2743C865-95CA-3485-B75B-AE3D0F563154">
<hideElementsInCurrentOnly>false</hideElementsInCurrentOnly>
<lineWidth>1</lineWidth>
<points>
<point x="349" y="252"/>
<point x="458" y="342"/>
</points>
</Connector>
<Connector class="oracle.dbtools.crest.swingui.logical.TVRelation" oid="F4EE575C-141B-A19F-C033-F969DEFDA378" otype="Relation" vid_source="57940B9D-2AFA-963E-A340-B4C57C74371D" vid_target="5CC6DC56-2596-9252-0C70-5A7E2EF1DE5E">
<hideElementsInCurrentOnly>false</hideElementsInCurrentOnly>
<lineWidth>1</lineWidth>
<points>
<point x="697" y="564"/>
<point x="496" y="515"/>
</points>
</Connector>
</connectors>
</Diagram>