<?xml version = '1.0' encoding = 'UTF-8'?>
<Relation class="oracle.dbtools.crest.model.design.logical.Relation" name="participav2" directorySegmentName="seg_0" id="0E612109-CC21-BC21-95EA-609022E0ED2D">
<createdBy>randy</createdBy>
<createdTime>2018-04-14 23:57:23 UTC</createdTime>
<ownerDesignName>diagrama bases</ownerDesignName>
<engineerTo>
<item key="7257AF77-97BD-FEBF-0B57-19C8A43CD0C8" value="true"/>
</engineerTo>
<sourcePk>48A6DD8E-9152-FB5F-3D9C-3D4DE4698D77</sourcePk>
<identifying>false</identifying>
<optionalSource>false</optionalSource>
<optionalTarget>false</optionalTarget>
<sourceCardinality>1</sourceCardinality>
<sourceEntity>11003ACB-946B-6CE6-33E0-D78AD1C55D3A</sourceEntity>
<targetCardinalityString>*</targetCardinalityString>
<targetEntity>838AD2D6-D3CC-5C5A-EB3F-569770F8AFB1</targetEntity>
<transferable>true</transferable>
<deleteRule>NO ACTION</deleteRule>
</Relation>