<?xml version = '1.0' encoding = 'UTF-8'?>
<Relation class="oracle.dbtools.crest.model.design.logical.Relation" name="tienev3" directorySegmentName="seg_0" id="2C58956F-D59A-45FF-B7D0-77F91B0C7A29">
<createdBy>randy</createdBy>
<createdTime>2018-04-14 23:29:06 UTC</createdTime>
<ownerDesignName>diagrama bases</ownerDesignName>
<engineerTo>
<item key="7257AF77-97BD-FEBF-0B57-19C8A43CD0C8" value="true"/>
</engineerTo>
<sourcePk>13EA6149-0ACA-C250-AA31-4F7DB0B14437</sourcePk>
<identifying>true</identifying>
<optionalSource>true</optionalSource>
<optionalTarget>false</optionalTarget>
<sourceCardinality>1</sourceCardinality>
<sourceEntity>838AD2D6-D3CC-5C5A-EB3F-569770F8AFB1</sourceEntity>
<targetCardinalityString>*</targetCardinalityString>
<targetEntity>4D07803A-6AEF-5A6C-A98A-35480180675E</targetEntity>
<transferable>true</transferable>
<deleteRule>NO ACTION</deleteRule>
</Relation>