<?xml version = '1.0' encoding = 'UTF-8'?>
<Relation class="oracle.dbtools.crest.model.design.logical.Relation" name="participa" directorySegmentName="seg_0" id="550C8EFC-3F36-FF27-DDDE-EF253F612E27">
<createdBy>randy</createdBy>
<createdTime>2018-04-14 23:41:59 UTC</createdTime>
<ownerDesignName>diagrama bases</ownerDesignName>
<engineerTo>
<item key="7257AF77-97BD-FEBF-0B57-19C8A43CD0C8" value="true"/>
</engineerTo>
<sourcePk>DADAF1EC-3ADA-587B-A704-984BC150FFD1</sourcePk>
<identifying>true</identifying>
<optionalSource>false</optionalSource>
<optionalTarget>false</optionalTarget>
<sourceCardinality>1</sourceCardinality>
<sourceEntity>38797BD6-96D1-DA3B-9705-FB5C45608840</sourceEntity>
<targetCardinalityString>*</targetCardinalityString>
<targetEntity>A13FD96D-94E3-BA2A-3C83-9DE02FB1C852</targetEntity>
<transferable>true</transferable>
<deleteRule>NO ACTION</deleteRule>
</Relation>