<?xml version = '1.0' encoding = 'UTF-8'?>
<Relation class="oracle.dbtools.crest.model.design.logical.Relation" name="nacionalidad" directorySegmentName="seg_0" id="5FB42898-23E3-9793-8642-33AEF8A6EF41">
<createdBy>randy</createdBy>
<createdTime>2018-04-15 02:53:51 UTC</createdTime>
<ownerDesignName>diagrama bases</ownerDesignName>
<engineerTo>
<item key="7257AF77-97BD-FEBF-0B57-19C8A43CD0C8" value="true"/>
</engineerTo>
<sourcePk>2FB22CD0-976B-4E0E-1260-001059FF3298</sourcePk>
<identifying>false</identifying>
<optionalSource>false</optionalSource>
<optionalTarget>false</optionalTarget>
<sourceCardinality>1</sourceCardinality>
<sourceEntity>3500E7CF-B758-19EC-F9A7-9322CEBDB033</sourceEntity>
<targetCardinalityString>*</targetCardinalityString>
<targetEntity>59765C4C-047F-82B0-58A5-59410698456C</targetEntity>
<transferable>true</transferable>
<deleteRule>NO ACTION</deleteRule>
</Relation>