<?xml version = '1.0' encoding = 'UTF-8'?>
<Relation class="oracle.dbtools.crest.model.design.logical.Relation" name="realizo" directorySegmentName="seg_0" id="69B7F701-519E-A5E2-1CA3-D6D7EF59245C">
<createdBy>randy</createdBy>
<createdTime>2018-04-14 23:19:13 UTC</createdTime>
<ownerDesignName>diagrama bases</ownerDesignName>
<engineerTo>
<item key="7257AF77-97BD-FEBF-0B57-19C8A43CD0C8" value="true"/>
</engineerTo>
<sourcePk>DADAF1EC-3ADA-587B-A704-984BC150FFD1</sourcePk>
<identifying>true</identifying>
<optionalSource>true</optionalSource>
<optionalTarget>false</optionalTarget>
<sourceCardinality>1</sourceCardinality>
<sourceEntity>38797BD6-96D1-DA3B-9705-FB5C45608840</sourceEntity>
<targetCardinalityString>*</targetCardinalityString>
<targetEntity>5DD13F00-038C-7C1D-9B2E-8798A8D88013</targetEntity>
<transferable>true</transferable>
<deleteRule>NO ACTION</deleteRule>
</Relation>