<?xml version = '1.0' encoding = 'UTF-8'?>
<relationalModel class="oracle.dbtools.crest.model.design.relational.RelationalDesign" name="Relational_1" id="7257AF77-97BD-FEBF-0B57-19C8A43CD0C8" mainViewID="590C94E1-1B4B-6C2B-AF52-D1B6E344EE5D">
<createdBy>danih</createdBy>
<createdTime>2018-04-09 19:08:58 UTC</createdTime>
<ownerDesignName>diagrama bases</ownerDesignName>
<shouldBeOpen>false</shouldBeOpen>
<selectedRDBMSSite>32076570-2523-435C-2E92-BF29817DFF70</selectedRDBMSSite>
</relationalModel>