<?xml version = '1.0' encoding = 'UTF-8'?>
<Entity class="oracle.dbtools.crest.model.design.logical.Entity" directorySegmentName="seg_0" id="838AD2D6-D3CC-5C5A-EB3F-569770F8AFB1" name="partido">
<createdBy>randy</createdBy>
<createdTime>2018-04-14 21:27:26 UTC</createdTime>
<ownerDesignName>diagrama bases</ownerDesignName>
<engineerTo>
<item key="7257AF77-97BD-FEBF-0B57-19C8A43CD0C8" value="true"/>
</engineerTo>
<adequatelyNormalized>NO</adequatelyNormalized>
<expectedVolumes>0</expectedVolumes>
<fwdEngineeringStrategyName>Single Table</fwdEngineeringStrategyName>
<growthPercent>0</growthPercent>
<growthType>Year</growthType>
<maxVolumes>9999999</maxVolumes>
<minVolumes>0</minVolumes>
<normalForm>Third</normalForm>
<attributes itemClass="oracle.dbtools.crest.model.design.logical.Attribute">
<Attribute name="id_partido" id="76380FD9-B163-E17A-1729-EB146A5C45FC">
<createdBy>randy</createdBy>
<createdTime>2018-04-14 21:43:29 UTC</createdTime>
<ownerDesignName>diagrama bases</ownerDesignName>
<engineerTo>
<item key="7257AF77-97BD-FEBF-0B57-19C8A43CD0C8" value="true"/>
</engineerTo>
<useDomainConstraints>false</useDomainConstraints>
<use>1</use>
<logicalDatatype>LOGDT011</logicalDatatype>
<ownDataTypeParameters>,,</ownDataTypeParameters>
</Attribute>
<Attribute name="fecha_partido" id="9B5080A1-7A59-F303-D25F-B3536C66D07A">
<createdBy>randy</createdBy>
<createdTime>2018-04-14 21:43:45 UTC</createdTime>
<ownerDesignName>diagrama bases</ownerDesignName>
<engineerTo>
<item key="7257AF77-97BD-FEBF-0B57-19C8A43CD0C8" value="true"/>
</engineerTo>
<nullsAllowed>true</nullsAllowed>
<useDomainConstraints>false</useDomainConstraints>
<use>1</use>
<logicalDatatype>LOGDT007</logicalDatatype>
<ownDataTypeParameters>,,</ownDataTypeParameters>
</Attribute>
<Attribute name="fase" id="89EE51F0-FA70-4BD9-0661-3640C6AC2614">
<createdBy>randy</createdBy>
<createdTime>2018-04-14 21:44:27 UTC</createdTime>
<ownerDesignName>diagrama bases</ownerDesignName>
<engineerTo>
<item key="7257AF77-97BD-FEBF-0B57-19C8A43CD0C8" value="true"/>
</engineerTo>
<useDomainConstraints>false</useDomainConstraints>
<use>1</use>
<logicalDatatype>LOGDT024</logicalDatatype>
<dataTypeSize>20</dataTypeSize>
<ownDataTypeParameters>20,,</ownDataTypeParameters>
</Attribute>
<Attribute name="id_equipo" id="DFEB20D8-5EFA-9336-19CE-A0F299F74B65">
<createdBy>randy</createdBy>
<createdTime>2018-04-14 23:56:59 UTC</createdTime>
<generatorID>BC1E1F98-5621-BECC-32DB-7DBF0064666F</generatorID>
<ownerDesignName>diagrama bases</ownerDesignName>
<engineerTo>
<item key="7257AF77-97BD-FEBF-0B57-19C8A43CD0C8" value="true"/>
</engineerTo>
<referedAttribute>22F27912-1132-4691-9C1A-E9AB33880C69</referedAttribute>
<useDomainConstraints>false</useDomainConstraints>
<use>1</use>
<logicalDatatype>LOGDT011</logicalDatatype>
<ownDataTypeParameters>,,</ownDataTypeParameters>
</Attribute>
<Attribute name="id_equipo1" id="9096E107-772C-B6B3-C7CB-9CCC5DE88153">
<createdBy>randy</createdBy>
<createdTime>2018-04-14 23:57:23 UTC</createdTime>
<generatorID>0E612109-CC21-BC21-95EA-609022E0ED2D</generatorID>
<ownerDesignName>diagrama bases</ownerDesignName>
<engineerTo>
<item key="7257AF77-97BD-FEBF-0B57-19C8A43CD0C8" value="true"/>
</engineerTo>
<referedAttribute>22F27912-1132-4691-9C1A-E9AB33880C69</referedAttribute>
<useDomainConstraints>false</useDomainConstraints>
<use>1</use>
<logicalDatatype>LOGDT011</logicalDatatype>
<ownDataTypeParameters>,,</ownDataTypeParameters>
</Attribute>
<Attribute name="id_estadio" id="EF1D9283-0E78-309C-42A2-A2360D58F17E">
<createdBy>randy</createdBy>
<createdTime>2018-04-14 23:59:43 UTC</createdTime>
<generatorID>575E49AB-D03F-05C0-6B36-17EC99288911</generatorID>
<ownerDesignName>diagrama bases</ownerDesignName>
<engineerTo>
<item key="7257AF77-97BD-FEBF-0B57-19C8A43CD0C8" value="true"/>
</engineerTo>
<referedAttribute>01EAE32F-69A4-9D65-CBB0-7AA2916D3AB1</referedAttribute>
<useDomainConstraints>false</useDomainConstraints>
<use>1</use>
<logicalDatatype>LOGDT011</logicalDatatype>
<ownDataTypeParameters>,,</ownDataTypeParameters>
</Attribute>
</attributes>
<identifiers itemClass="oracle.dbtools.crest.model.design.logical.CandidateKey">
<identifier id="13EA6149-0ACA-C250-AA31-4F7DB0B14437" name="partido PK">
<createdBy>randy</createdBy>
<createdTime>2018-04-14 21:43:44 UTC</createdTime>
<ownerDesignName>diagrama bases</ownerDesignName>
<engineerTo>
<item key="7257AF77-97BD-FEBF-0B57-19C8A43CD0C8" value="true"/>
</engineerTo>
<pk>true</pk>
<usedAttributes>
<attributeRef>76380FD9-B163-E17A-1729-EB146A5C45FC</attributeRef>
</usedAttributes>
</identifier>
</identifiers>
</Entity>