<?xml version = '1.0' encoding = 'UTF-8'?>
<Entity class="oracle.dbtools.crest.model.design.logical.Entity" directorySegmentName="seg_0" id="F6749515-D2A3-1E3A-0DC1-0EF99D33EB60" name="Estadio">
<createdBy>randy</createdBy>
<createdTime>2018-04-14 20:53:35 UTC</createdTime>
<ownerDesignName>diagrama bases</ownerDesignName>
<engineerTo>
<item key="7257AF77-97BD-FEBF-0B57-19C8A43CD0C8" value="true"/>
</engineerTo>
<adequatelyNormalized>NO</adequatelyNormalized>
<expectedVolumes>0</expectedVolumes>
<fwdEngineeringStrategyName>Single Table</fwdEngineeringStrategyName>
<growthPercent>0</growthPercent>
<growthType>Year</growthType>
<maxVolumes>9999999</maxVolumes>
<minVolumes>0</minVolumes>
<normalForm>Third</normalForm>
<attributes itemClass="oracle.dbtools.crest.model.design.logical.Attribute">
<Attribute name="id_estadio" id="01EAE32F-69A4-9D65-CBB0-7AA2916D3AB1">
<createdBy>randy</createdBy>
<createdTime>2018-04-14 20:54:47 UTC</createdTime>
<ownerDesignName>diagrama bases</ownerDesignName>
<engineerTo>
<item key="7257AF77-97BD-FEBF-0B57-19C8A43CD0C8" value="true"/>
</engineerTo>
<useDomainConstraints>false</useDomainConstraints>
<use>1</use>
<logicalDatatype>LOGDT011</logicalDatatype>
<ownDataTypeParameters>,,</ownDataTypeParameters>
</Attribute>
<Attribute name="nombre" id="F784B6F0-1216-E14B-3F92-DA2C7082D386">
<createdBy>randy</createdBy>
<createdTime>2018-04-14 20:55:13 UTC</createdTime>
<ownerDesignName>diagrama bases</ownerDesignName>
<engineerTo>
<item key="7257AF77-97BD-FEBF-0B57-19C8A43CD0C8" value="true"/>
</engineerTo>
<nullsAllowed>true</nullsAllowed>
<useDomainConstraints>false</useDomainConstraints>
<use>1</use>
<logicalDatatype>LOGDT024</logicalDatatype>
<dataTypeSize>30</dataTypeSize>
<ownDataTypeParameters>30,,</ownDataTypeParameters>
</Attribute>
<Attribute name="capacidad" id="81CB8CF7-D098-194C-7068-1E86229425B3">
<createdBy>randy</createdBy>
<createdTime>2018-04-14 20:55:49 UTC</createdTime>
<ownerDesignName>diagrama bases</ownerDesignName>
<engineerTo>
<item key="7257AF77-97BD-FEBF-0B57-19C8A43CD0C8" value="true"/>
</engineerTo>
<nullsAllowed>true</nullsAllowed>
<useDomainConstraints>false</useDomainConstraints>
<use>1</use>
<logicalDatatype>LOGDT011</logicalDatatype>
<ownDataTypeParameters>,,</ownDataTypeParameters>
</Attribute>
<Attribute name="id_ciudad" id="DDA1A174-38B5-B953-3D57-8351EB330C08">
<createdBy>sala a</createdBy>
<createdTime>2018-04-24 20:37:48 UTC</createdTime>
<generatorID>473427ED-C3D1-4CA8-2C7A-8B12BDBBAC11</generatorID>
<ownerDesignName>diagrama bases</ownerDesignName>
<engineerTo>
<item key="7257AF77-97BD-FEBF-0B57-19C8A43CD0C8" value="true"/>
</engineerTo>
<referedAttribute>7731E437-485F-78CE-CC9B-DCEC03830D6F</referedAttribute>
<useDomainConstraints>false</useDomainConstraints>
<use>1</use>
<logicalDatatype>LOGDT011</logicalDatatype>
<ownDataTypeParameters>,,</ownDataTypeParameters>
</Attribute>
</attributes>
<identifiers itemClass="oracle.dbtools.crest.model.design.logical.CandidateKey">
<identifier id="53B2BC38-4562-AF51-E711-8F3E7880BA6C" name="Estadio PK">
<createdBy>randy</createdBy>
<createdTime>2018-04-14 20:55:09 UTC</createdTime>
<ownerDesignName>diagrama bases</ownerDesignName>
<engineerTo>
<item key="7257AF77-97BD-FEBF-0B57-19C8A43CD0C8" value="true"/>
</engineerTo>
<pk>true</pk>
<usedAttributes>
<attributeRef>01EAE32F-69A4-9D65-CBB0-7AA2916D3AB1</attributeRef>
</usedAttributes>
</identifier>
</identifiers>
</Entity>